OTU,Superkingdom,Kingdom,Phylum,Class,Order,Family,Genus
OTU1,Archaea,Archaea,Euryarchaeota,Methanobacteria,Methanobacteriales,Methanobacteriaceae,Methanobrevibacter
OTU2,Bacteria,Bacteria,Actinobacteria,Actinobacteria,Bifidobacteriales,Bifidobacteriaceae,Bifidobacterium
OTU3,Bacteria,Bacteria,Actinobacteria,Actinobacteria,Corynebacteriales,Mycobacteriaceae,Mycobacterium
OTU4,Bacteria,Bacteria,Actinobacteria,Actinobacteria,Corynebacteriales,Nocardiaceae,Nocardia
OTU5,Bacteria,Bacteria,Actinobacteria,Actinobacteria,Micrococcales,Microbacteriaceae,Leucobacter
OTU6,Bacteria,Bacteria,Actinobacteria,Actinobacteria,Micrococcales,Microbacteriaceae,Microbacterium
OTU7,Bacteria,Bacteria,Actinobacteria,Actinobacteria,Propionibacteriales,Nocardioidaceae,Micropruina
OTU8,Bacteria,Bacteria,Actinobacteria,Actinobacteria,Propionibacteriales,Nocardioidaceae,Propionicicella
OTU9,Bacteria,Bacteria,Actinobacteria,Actinobacteria,Propionibacteriales,Propionibacteriaceae,Granulicoccus
OTU10,Bacteria,Bacteria,Actinobacteria,Actinobacteria,Propionibacteriales,Propionibacteriaceae,Propioniciclava
OTU11,Bacteria,Bacteria,Actinobacteria,Actinobacteria,Propionibacteriales,Propionibacteriaceae,Tessaracoccus
OTU12,Bacteria,Bacteria,Actinobacteria,Actinobacteria,Streptomycetales,Streptomycetaceae,Streptomyces
OTU13,Bacteria,Bacteria,Actinobacteria,Coriobacteriia,Coriobacteriales,Coriobacteriaceae,Collinsella
OTU14,Bacteria,Bacteria,Bacteroidetes,Bacteroidia,Bacteroidales,Bacteroidaceae,Bacteroides
OTU15,Bacteria,Bacteria,Bacteroidetes,Bacteroidia,Bacteroidales,Barnesiellaceae,Barnesiella
OTU16,Bacteria,Bacteria,Bacteroidetes,Bacteroidia,Bacteroidales,Dysgonamonadaceae,Dysgonomonas
OTU17,Bacteria,Bacteria,Bacteroidetes,Bacteroidia,Bacteroidales,Odoribacteraceae,Odoribacter
OTU18,Bacteria,Bacteria,Bacteroidetes,Bacteroidia,Bacteroidales,Paludibacteraceae,Paludibacter
OTU19,Bacteria,Bacteria,Bacteroidetes,Bacteroidia,Bacteroidales,Rikenellaceae,Alistipes
OTU20,Bacteria,Bacteria,Bacteroidetes,Bacteroidia,Bacteroidales,Rikenellaceae,Anaerocella
OTU21,Bacteria,Bacteria,Bacteroidetes,Bacteroidia,Bacteroidales,Tannerellaceae,Parabacteroides
OTU22,Bacteria,Bacteria,Bacteroidetes,Chitinophagia,Chitinophagales,Chitinophagaceae,Terrimonas
OTU23,Bacteria,Bacteria,Bacteroidetes,Flavobacteriia,Flavobacteriales,Flavobacteriaceae,Algoriella
OTU24,Bacteria,Bacteria,Bacteroidetes,Flavobacteriia,Flavobacteriales,Flavobacteriaceae,Chryseobacterium
OTU25,Bacteria,Bacteria,Bacteroidetes,Flavobacteriia,Flavobacteriales,Flavobacteriaceae,Cruoricaptor
OTU26,Bacteria,Bacteria,Bacteroidetes,Flavobacteriia,Flavobacteriales,Flavobacteriaceae,Flavobacterium
OTU27,Bacteria,Bacteria,Bacteroidetes,Flavobacteriia,Flavobacteriales,Flavobacteriaceae,Riemerella
OTU28,Bacteria,Bacteria,Bacteroidetes,Flavobacteriia,Flavobacteriales,Flavobacteriaceae,Salinimicrobium
OTU29,Bacteria,Bacteria,Bacteroidetes,Sphingobacteriia,Sphingobacteriales,Sphingobacteriaceae,Pedobacter
OTU30,Bacteria,Bacteria,Deinococcus-Thermus,Deinococci,Deinococcales,Deinococcaceae,Deinococcus
OTU31,Bacteria,Bacteria,Deinococcus-Thermus,Deinococci,Thermales,Thermaceae,Meiothermus
OTU32,Bacteria,Bacteria,Deinococcus-Thermus,Deinococci,Thermales,Thermaceae,Thermus
OTU33,Bacteria,Bacteria,Firmicutes,Bacilli,Bacillales,Bacillaceae,Bacillus
OTU34,Bacteria,Bacteria,Firmicutes,Bacilli,Bacillales,Planococcaceae,Planococcus
OTU35,Bacteria,Bacteria,Firmicutes,Bacilli,Lactobacillales,Carnobacteriaceae,Trichococcus
OTU36,Bacteria,Bacteria,Firmicutes,Bacilli,Lactobacillales,Enterococcaceae,Enterococcus
OTU37,Bacteria,Bacteria,Firmicutes,Bacilli,Lactobacillales,Lactobacillaceae,Lactobacillus
OTU38,Bacteria,Bacteria,Firmicutes,Bacilli,Lactobacillales,Streptococcaceae,Lactococcus
OTU39,Bacteria,Bacteria,Firmicutes,Bacilli,Lactobacillales,Streptococcaceae,Streptococcus
OTU40,Bacteria,Bacteria,Firmicutes,Clostridia,Clostridiales,Clostridiaceae,Butyricicoccus
OTU41,Bacteria,Bacteria,Firmicutes,Clostridia,Clostridiales,Clostridiaceae,Clostridium
OTU42,Bacteria,Bacteria,Firmicutes,Clostridia,Clostridiales,Hungateiclostridiaceae,Fastidiosipila_Hungateiclostridiaceae
OTU43,Bacteria,Bacteria,Firmicutes,Clostridia,Clostridiales,Lachnospiraceae,Agathobacter
OTU44,Bacteria,Bacteria,Firmicutes,Clostridia,Clostridiales,Lachnospiraceae,Anaerostipes
OTU45,Bacteria,Bacteria,Firmicutes,Clostridia,Clostridiales,Lachnospiraceae,Blautia
OTU46,Bacteria,Bacteria,Firmicutes,Clostridia,Clostridiales,Lachnospiraceae,Dorea
OTU47,Bacteria,Bacteria,Firmicutes,Clostridia,Clostridiales,Lachnospiraceae,Fusicatenibacter
OTU48,Bacteria,Bacteria,Firmicutes,Clostridia,Clostridiales,Lachnospiraceae,Lachnoclostridium
OTU49,Bacteria,Bacteria,Firmicutes,Clostridia,Clostridiales,Lachnospiraceae,Lachnospira
OTU50,Bacteria,Bacteria,Firmicutes,Clostridia,Clostridiales,Lachnospiraceae,Oribacterium
OTU51,Bacteria,Bacteria,Firmicutes,Clostridia,Clostridiales,Lachnospiraceae,Roseburia
OTU52,Bacteria,Bacteria,Firmicutes,Clostridia,Clostridiales,Oscillospiraceae,Oscillibacter
OTU53,Bacteria,Bacteria,Firmicutes,Clostridia,Clostridiales,Peptococcaceae,Desulfosporosinus
OTU54,Bacteria,Bacteria,Firmicutes,Clostridia,Clostridiales,Ruminococcaceae,Faecalibacterium
OTU55,Bacteria,Bacteria,Firmicutes,Clostridia,Clostridiales,Ruminococcaceae,Ruminococcus
OTU56,Bacteria,Bacteria,Firmicutes,Clostridia,Clostridiales,Ruminococcaceae,Subdoligranulum
OTU57,Bacteria,Bacteria,Firmicutes,Erysipelotrichia,Erysipelotrichales,Erysipelotrichaceae,Catenibacterium
OTU58,Bacteria,Bacteria,Firmicutes,Erysipelotrichia,Erysipelotrichales,Erysipelotrichaceae,Erysipelothrix
OTU59,Bacteria,Bacteria,Firmicutes,Erysipelotrichia,Erysipelotrichales,Erysipelotrichaceae,Holdemanella
OTU60,Bacteria,Bacteria,Firmicutes,Negativicutes,Acidaminococcales,Acidaminococcaceae,Phascolarctobacterium
OTU61,Bacteria,Bacteria,Firmicutes,Negativicutes,Selenomonadales,Selenomonadaceae,Anaerovibrio
OTU62,Bacteria,Bacteria,Firmicutes,Negativicutes,Selenomonadales,Selenomonadaceae,Megamonas
OTU63,Bacteria,Bacteria,Firmicutes,Negativicutes,Selenomonadales,Selenomonadaceae,Mitsuokella
OTU64,Bacteria,Bacteria,Firmicutes,Negativicutes,Selenomonadales,Selenomonadaceae,Propionispira
OTU65,Bacteria,Bacteria,Firmicutes,Negativicutes,Selenomonadales,Selenomonadaceae,Selenomonas
OTU66,Bacteria,Bacteria,Firmicutes,Negativicutes,Veillonellales,Veillonellaceae,Dialister
OTU67,Bacteria,Bacteria,Firmicutes,Negativicutes,Veillonellales,Veillonellaceae,Megasphaera
OTU68,Bacteria,Bacteria,Firmicutes,Negativicutes,Veillonellales,Veillonellaceae,Veillonella
OTU69,Bacteria,Bacteria,Fusobacteria,Fusobacteriia,Fusobacteriales,Fusobacteriaceae,Fusobacterium
OTU70,Bacteria,Bacteria,Fusobacteria,Fusobacteriia,Fusobacteriales,Leptotrichiaceae,Leptotrichia
OTU71,Bacteria,Bacteria,Proteobacteria,Alphaproteobacteria,Caulobacterales,Caulobacteraceae,Brevundimonas
OTU72,Bacteria,Bacteria,Proteobacteria,Alphaproteobacteria,Rhizobiales,Bradyrhizobiaceae,Bradyrhizobium
OTU73,Bacteria,Bacteria,Proteobacteria,Alphaproteobacteria,Rhizobiales,Methylocystaceae,Pleomorphomonas
OTU74,Bacteria,Bacteria,Proteobacteria,Alphaproteobacteria,Rhizobiales,Phyllobacteriaceae,Aquamicrobium
OTU75,Bacteria,Bacteria,Proteobacteria,Alphaproteobacteria,Rhizobiales,Rhizobiaceae,Rhizobium
OTU76,Bacteria,Bacteria,Proteobacteria,Alphaproteobacteria,Rhizobiales,Rhizobiaceae,Shinella
OTU77,Bacteria,Bacteria,Proteobacteria,Alphaproteobacteria,Rhizobiales,Xanthobacteraceae,Labrys
OTU78,Bacteria,Bacteria,Proteobacteria,Alphaproteobacteria,Rhodobacterales,Rhodobacteraceae,Gemmobacter
OTU79,Bacteria,Bacteria,Proteobacteria,Alphaproteobacteria,Rhodobacterales,Rhodobacteraceae,Paracoccus
OTU80,Bacteria,Bacteria,Proteobacteria,Alphaproteobacteria,Rhodospirillales,Acetobacteraceae,Paracraurococcus
OTU81,Bacteria,Bacteria,Proteobacteria,Alphaproteobacteria,Rhodospirillales,Acetobacteraceae,Rhodovarius
OTU82,Bacteria,Bacteria,Proteobacteria,Alphaproteobacteria,Rhodospirillales,Acetobacteraceae,Roseomonas
OTU83,Bacteria,Bacteria,Proteobacteria,Alphaproteobacteria,Sphingomonadales,Erythrobacteraceae,Altererythrobacter
OTU84,Bacteria,Bacteria,Proteobacteria,Betaproteobacteria,Burkholderiales,,Paucibacter
OTU85,Bacteria,Bacteria,Proteobacteria,Betaproteobacteria,Burkholderiales,Burkholderiaceae,Cupriavidus
OTU86,Bacteria,Bacteria,Proteobacteria,Betaproteobacteria,Burkholderiales,Comamonadaceae,Brachymonas
OTU87,Bacteria,Bacteria,Proteobacteria,Betaproteobacteria,Burkholderiales,Comamonadaceae,Comamonas
OTU88,Bacteria,Bacteria,Proteobacteria,Betaproteobacteria,Burkholderiales,Comamonadaceae,Limnohabitans
OTU89,Bacteria,Bacteria,Proteobacteria,Betaproteobacteria,Burkholderiales,Comamonadaceae,Ottowia
OTU90,Bacteria,Bacteria,Proteobacteria,Betaproteobacteria,Burkholderiales,Comamonadaceae,Rhodoferax
OTU91,Bacteria,Bacteria,Proteobacteria,Betaproteobacteria,Burkholderiales,Sutterellaceae,Parasutterella
OTU92,Bacteria,Bacteria,Proteobacteria,Betaproteobacteria,Burkholderiales,Sutterellaceae,Sutterella
OTU93,Bacteria,Bacteria,Proteobacteria,Betaproteobacteria,Neisseriales,Chromobacteriaceae,Aquaspirillum
OTU94,Bacteria,Bacteria,Proteobacteria,Betaproteobacteria,Neisseriales,Neisseriaceae,Rivicola
OTU95,Bacteria,Bacteria,Proteobacteria,Betaproteobacteria,Rhodocyclales,Azonexaceae,Dechloromonas
OTU96,Bacteria,Bacteria,Proteobacteria,Betaproteobacteria,Rhodocyclales,Zoogloeaceae,Zoogloea
OTU97,Bacteria,Bacteria,Proteobacteria,Deltaproteobacteria,Desulfovibrionales,Desulfovibrionaceae,Desulfovibrio
OTU98,Bacteria,Bacteria,Proteobacteria,Epsilonproteobacteria,Campylobacterales,Campylobacteraceae,Arcobacter
OTU99,Bacteria,Bacteria,Proteobacteria,Gammaproteobacteria,Aeromonadales,Aeromonadaceae,Aeromonas
OTU100,Bacteria,Bacteria,Proteobacteria,Gammaproteobacteria,Alteromonadales,Shewanellaceae,Shewanella
OTU101,Bacteria,Bacteria,Proteobacteria,Gammaproteobacteria,Enterobacterales,Enterobacteriaceae,Klebsiella
OTU102,Bacteria,Bacteria,Proteobacteria,Gammaproteobacteria,Pseudomonadales,Moraxellaceae,Acinetobacter
OTU103,Bacteria,Bacteria,Proteobacteria,Gammaproteobacteria,Pseudomonadales,Moraxellaceae,Psychrobacter
OTU104,Bacteria,Bacteria,Proteobacteria,Gammaproteobacteria,Pseudomonadales,Pseudomonadaceae,Pseudomonas
OTU105,Bacteria,Bacteria,Proteobacteria,Gammaproteobacteria,Xanthomonadales,Rhodanobacteraceae,Dokdonella
OTU106,Bacteria,Bacteria,Proteobacteria,Gammaproteobacteria,Xanthomonadales,Rhodanobacteraceae,Fulvimonas
OTU107,Bacteria,Bacteria,Proteobacteria,Gammaproteobacteria,Xanthomonadales,Xanthomonadaceae,Pseudoxanthomonas
OTU108,Bacteria,Bacteria,Proteobacteria,Gammaproteobacteria,Xanthomonadales,Xanthomonadaceae,Vulcaniibacterium
OTU109,Bacteria,Bacteria,Proteobacteria,Hydrogenophilalia,Hydrogenophilales,Hydrogenophilaceae,Tepidiphilus
OTU110,Bacteria,Bacteria,Tenericutes,Mollicutes,Anaeroplasmatales,Anaeroplasmataceae,Asteroleplasma
OTU111,Bacteria,Bacteria,Verrucomicrobia,Verrucomicrobiae,Verrucomicrobiales,Akkermansiaceae,Akkermansia
OTU112,Bacteria,Bacteria,Verrucomicrobia,Verrucomicrobiae,Verrucomicrobiales,Verrucomicrobiaceae,Luteolibacter
OTU113,Eukaryota,Eukaryota,Cercozoa,Thecofilosea,Cryomonadida,Rhogostomidae,Rhogostoma
OTU114,Eukaryota,Eukaryota,Ciliophora,Oligohymenophorea,Hymenostomatida,Tetrahymenidae,Tetrahymena
OTU115,Eukaryota,Eukaryota,Euglenozoa,,Kinetoplastida,Bodonidae,Parabodo
OTU116,Eukaryota,Eukaryota,Heterolobosea,Heterolobosea,Schizopyrenida,Vahlkampfiidae,Naegleria
OTU117,Eukaryota,Eukaryota,Tubulinea,Elardia,Euamoebida,Hartmannellidae,Saccamoeba
OTU118,Eukaryota,Fungi,Ascomycota,Saccharomycetes,Saccharomycetales,Dipodascaceae,Geotrichum
OTU119,Eukaryota,Fungi,Ascomycota,Saccharomycetes,Saccharomycetales,Dipodascaceae,Saprochaete
OTU120,Eukaryota,Metazoa,Arthropoda,Insecta,Blattodea,Termopsidae,Zootermopsis
OTU121,Eukaryota,Metazoa,Mollusca,Gastropoda,,Planorbidae,Biomphalaria
OTU122,Eukaryota,Metazoa,Nematoda,Chromadorea,Plectida,Plectidae,Plectus
OTU123,Eukaryota,Metazoa,Nematoda,Chromadorea,Rhabditida,Diplogasteridae,Acrostichus_Diplogasteridae
OTU124,Eukaryota,Metazoa,Nematoda,Chromadorea,Rhabditida,Diplogasteridae,Pseudodiplogasteroides
OTU125,Eukaryota,Metazoa,Nematoda,Chromadorea,Rhabditida,Neodiplogasteridae,Koerneria
OTU126,Eukaryota,Metazoa,Nematoda,Chromadorea,Rhabditida,Panagrolaimidae,Halicephalobus
OTU127,Eukaryota,Metazoa,Nematoda,Chromadorea,Rhabditida,Rhabditidae,Choriorhabditis
OTU128,Eukaryota,Metazoa,Nematoda,Chromadorea,Rhabditida,Rhabditidae,Diploscapter_Rhabditidae
OTU129,Eukaryota,Metazoa,Nematoda,Chromadorea,Rhabditida,Rhabditidae,Oscheius
OTU130,Eukaryota,Metazoa,Nematoda,Chromadorea,Rhabditida,Rhabditidae,Pellioditis
OTU131,Eukaryota,Metazoa,Nematoda,Chromadorea,Rhabditida,Rhabditidae,Pelodera
OTU132,Eukaryota,Metazoa,Nematoda,Chromadorea,Rhabditida,Rhabditidae,Poikilolaimus
OTU133,Eukaryota,Viridiplantae,Streptophyta,Magnoliopsida,Fabales,Fabaceae,Medicago
OTU134,Archaea,Archaea,Euryarchaeota,Methanobacteria,Methanobacteriales,Methanobacteriaceae,Methanobacterium
OTU135,Archaea,Archaea,Euryarchaeota,Methanomicrobia,Methanomicrobiales,Methanoregulaceae,Methanoregula
OTU136,Archaea,Archaea,Euryarchaeota,Methanomicrobia,Methanomicrobiales,Methanospirillaceae,Methanospirillum
OTU137,Bacteria,Bacteria,Acidobacteria,Holophagae,Holophagales,Holophagaceae,Geothrix
OTU138,Bacteria,Bacteria,Acidobacteria,Holophagae,Holophagales,Holophagaceae,Holophaga
OTU139,Bacteria,Bacteria,Acidobacteria,Thermoanaerobaculia,Thermoanaerobaculales,Thermoanaerobaculaceae,Thermoanaerobaculum_Thermoanaerobaculaceae
OTU140,Bacteria,Bacteria,Acidobacteria,Vicinamibacteria,,Vicinamibacteraceae,Luteitalea
OTU141,Bacteria,Bacteria,Actinobacteria,Actinobacteria,Actinomycetales,Actinomycetaceae,Actinomyces
OTU142,Bacteria,Bacteria,Actinobacteria,Actinobacteria,Cryptosporangiales,Cryptosporangiaceae,Fodinicola
OTU143,Bacteria,Bacteria,Actinobacteria,Actinobacteria,Micrococcales,Intrasporangiaceae,Ornithinibacter
OTU144,Bacteria,Bacteria,Actinobacteria,Actinobacteria,Micrococcales,Intrasporangiaceae,Tetrasphaera
OTU145,Bacteria,Bacteria,Actinobacteria,Actinobacteria,Micrococcales,Microbacteriaceae,Agromyces
OTU146,Bacteria,Bacteria,Actinobacteria,Actinobacteria,Micrococcales,Microbacteriaceae,Lysinimonas
OTU147,Bacteria,Bacteria,Actinobacteria,Actinobacteria,Micrococcales,Microbacteriaceae,Pseudoclavibacter
OTU148,Bacteria,Bacteria,Actinobacteria,Actinobacteria,Micrococcales,Micrococcaceae,Glutamicibacter
OTU149,Bacteria,Bacteria,Actinobacteria,Actinobacteria,Micrococcales,Micrococcaceae,Rothia
OTU150,Bacteria,Bacteria,Actinobacteria,Actinobacteria,Propionibacteriales,Nocardioidaceae,Propionicimonas
OTU151,Bacteria,Bacteria,Actinobacteria,Actinobacteria,Propionibacteriales,Propionibacteriaceae,Propionibacterium
OTU152,Bacteria,Bacteria,Actinobacteria,Coriobacteriia,Coriobacteriales,Atopobiaceae,Atopobium
OTU153,Bacteria,Bacteria,Actinobacteria,Coriobacteriia,Coriobacteriales,Atopobiaceae,Olsenella
OTU154,Bacteria,Bacteria,Actinobacteria,Coriobacteriia,Coriobacteriales,Coriobacteriaceae,Senegalimassilia
OTU155,Bacteria,Bacteria,Actinobacteria,Coriobacteriia,Eggerthellales,Eggerthellaceae,Slackia
OTU156,Bacteria,Bacteria,Bacteroidetes,Bacteroidia,Bacteroidales,Lentimicrobiaceae,Lentimicrobium
OTU157,Bacteria,Bacteria,Bacteroidetes,Bacteroidia,Bacteroidales,Porphyromonadaceae,Macellibacteroides
OTU158,Bacteria,Bacteria,Bacteroidetes,Bacteroidia,Bacteroidales,Porphyromonadaceae,Porphyromonas
OTU159,Bacteria,Bacteria,Bacteroidetes,Bacteroidia,Bacteroidales,Prevotellaceae,Alloprevotella
OTU160,Bacteria,Bacteria,Bacteroidetes,Bacteroidia,Bacteroidales,Prevotellaceae,Prevotella
OTU161,Bacteria,Bacteria,Bacteroidetes,Bacteroidia,Bacteroidales,Rikenellaceae,Acetobacteroides
OTU162,Bacteria,Bacteria,Bacteroidetes,Bacteroidia,Bacteroidales,Rikenellaceae,Rikenella
OTU163,Bacteria,Bacteria,Bacteroidetes,Bacteroidia,Marinilabiliales,Prolixibacteraceae,Roseimarinus
OTU164,Bacteria,Bacteria,Bacteroidetes,Chitinophagia,Chitinophagales,Chitinophagaceae,Ferruginibacter
OTU165,Bacteria,Bacteria,Bacteroidetes,Chitinophagia,Chitinophagales,Chitinophagaceae,Niabella
OTU166,Bacteria,Bacteria,Bacteroidetes,Cytophagia,Cytophagales,Cytophagaceae,Dyadobacter
OTU167,Bacteria,Bacteria,Bacteroidetes,Cytophagia,Cytophagales,Cytophagaceae,Flectobacillus
OTU168,Bacteria,Bacteria,Bacteroidetes,Cytophagia,Cytophagales,Cytophagaceae,Lacihabitans
OTU169,Bacteria,Bacteria,Bacteroidetes,Flavobacteriia,Flavobacteriales,Cryomorphaceae,Owenweeksia
OTU170,Bacteria,Bacteria,Bacteroidetes,Flavobacteriia,Flavobacteriales,Flavobacteriaceae,Apibacter
OTU171,Bacteria,Bacteria,Bacteroidetes,Flavobacteriia,Flavobacteriales,Flavobacteriaceae,Cloacibacterium
OTU172,Bacteria,Bacteria,Bacteroidetes,Flavobacteriia,Flavobacteriales,Flavobacteriaceae,Elizabethkingia
OTU173,Bacteria,Bacteria,Bacteroidetes,Flavobacteriia,Flavobacteriales,Flavobacteriaceae,Empedobacter
OTU174,Bacteria,Bacteria,Bacteroidetes,Flavobacteriia,Flavobacteriales,Flavobacteriaceae,Lutibacter
OTU175,Bacteria,Bacteria,Bacteroidetes,Flavobacteriia,Flavobacteriales,Flavobacteriaceae,Moheibacter
OTU176,Bacteria,Bacteria,Bacteroidetes,Sphingobacteriia,Sphingobacteriales,Sphingobacteriaceae,Sphingobacterium
OTU177,Bacteria,Bacteria,Balneolaeota,Balneolia,Balneolales,Balneolaceae,Balneola
OTU178,Bacteria,Bacteria,Caldiserica,Caldisericia,Caldisericales,Caldisericaceae,Caldisericum
OTU179,Bacteria,Bacteria,Chloroflexi,Anaerolineae,Anaerolineales,Anaerolineaceae,Flexilinea
OTU180,Bacteria,Bacteria,Chloroflexi,Anaerolineae,Anaerolineales,Anaerolineaceae,Leptolinea
OTU181,Bacteria,Bacteria,Chloroflexi,Anaerolineae,Anaerolineales,Anaerolineaceae,Longilinea
OTU182,Bacteria,Bacteria,Coprothermobacterota,Coprothermobacteria,Coprothermobacterales,Coprothermobacteraceae,Coprothermobacter_Coprothermobacteraceae
OTU183,Bacteria,Bacteria,Cyanobacteria,,Nostocales,Nostocaceae,Anabaena
OTU184,Bacteria,Bacteria,Elusimicrobia,Elusimicrobia,Elusimicrobiales,Elusimicrobiaceae,Elusimicrobium
OTU185,Bacteria,Bacteria,Fibrobacteres,Fibrobacteria,Fibrobacterales,Fibrobacteraceae,Fibrobacter
OTU186,Bacteria,Bacteria,Firmicutes,Bacilli,Lactobacillales,Carnobacteriaceae,Carnobacterium
OTU187,Bacteria,Bacteria,Firmicutes,Bacilli,Lactobacillales,Enterococcaceae,Vagococcus
OTU188,Bacteria,Bacteria,Firmicutes,Bacilli,Lactobacillales,Leuconostocaceae,Weissella
OTU189,Bacteria,Bacteria,Firmicutes,Clostridia,Clostridiales,Clostridiaceae,Proteiniclasticum
OTU190,Bacteria,Bacteria,Firmicutes,Clostridia,Clostridiales,Clostridiales_Family_XII._Incertae_Sedis,Fusibacter
OTU191,Bacteria,Bacteria,Firmicutes,Clostridia,Clostridiales,Clostridiales_Family_XIII._Incertae_Sedis,Anaerovorax
OTU192,Bacteria,Bacteria,Firmicutes,Clostridia,Clostridiales,Eubacteriaceae,Acetobacterium
OTU193,Bacteria,Bacteria,Firmicutes,Clostridia,Clostridiales,Eubacteriaceae,Eubacterium
OTU194,Bacteria,Bacteria,Firmicutes,Clostridia,Clostridiales,Hungateiclostridiaceae,Saccharofermentans_Hungateiclostridiaceae
OTU195,Bacteria,Bacteria,Firmicutes,Clostridia,Clostridiales,Lachnospiraceae,Marvinbryantia
OTU196,Bacteria,Bacteria,Firmicutes,Clostridia,Clostridiales,Peptostreptococcaceae,Acetoanaerobium
OTU197,Bacteria,Bacteria,Firmicutes,Clostridia,Clostridiales,Peptostreptococcaceae,Intestinibacter
OTU198,Bacteria,Bacteria,Firmicutes,Clostridia,Clostridiales,Peptostreptococcaceae,Proteocatella
OTU199,Bacteria,Bacteria,Firmicutes,Clostridia,Clostridiales,Peptostreptococcaceae,Romboutsia
OTU200,Bacteria,Bacteria,Firmicutes,Clostridia,Clostridiales,Peptostreptococcaceae,Terrisporobacter
OTU201,Bacteria,Bacteria,Firmicutes,Clostridia,Clostridiales,Ruminococcaceae,Acetanaerobacterium
OTU202,Bacteria,Bacteria,Firmicutes,Clostridia,Clostridiales,Ruminococcaceae,Negativibacillus
OTU203,Bacteria,Bacteria,Firmicutes,Clostridia,Halanaerobiales,Halanaerobiaceae,Halocella
OTU204,Bacteria,Bacteria,Firmicutes,Erysipelotrichia,Erysipelotrichales,Erysipelotrichaceae,Bulleidia
OTU205,Bacteria,Bacteria,Firmicutes,Erysipelotrichia,Erysipelotrichales,Erysipelotrichaceae,Solobacterium
OTU206,Bacteria,Bacteria,Firmicutes,Erysipelotrichia,Erysipelotrichales,Erysipelotrichaceae,Turicibacter
OTU207,Bacteria,Bacteria,Firmicutes,Negativicutes,Acidaminococcales,Acidaminococcaceae,Acidaminococcus
OTU208,Bacteria,Bacteria,Firmicutes,Negativicutes,Acidaminococcales,Acidaminococcaceae,Succiniclasticum
OTU209,Bacteria,Bacteria,Firmicutes,Negativicutes,Acidaminococcales,Acidaminococcaceae,Succinispira
OTU210,Bacteria,Bacteria,Firmicutes,Negativicutes,Selenomonadales,Selenomonadaceae,Pectinatus
OTU211,Bacteria,Bacteria,Firmicutes,Negativicutes,Selenomonadales,Selenomonadaceae,Schwartzia
OTU212,Bacteria,Bacteria,Firmicutes,Negativicutes,Selenomonadales,Sporomusaceae,Anaeromusa
OTU213,Bacteria,Bacteria,Firmicutes,Negativicutes,Selenomonadales,Sporomusaceae,Anaerosinus
OTU214,Bacteria,Bacteria,Firmicutes,Negativicutes,Selenomonadales,Sporomusaceae,Anaerosporomusa
OTU215,Bacteria,Bacteria,Firmicutes,Tissierellia,,,Sedimentibacter
OTU216,Bacteria,Bacteria,Fusobacteria,Fusobacteriia,Fusobacteriales,Fusobacteriaceae,Cetobacterium
OTU217,Bacteria,Bacteria,Fusobacteria,Fusobacteriia,Fusobacteriales,Fusobacteriaceae,Hypnocyclicus
OTU218,Bacteria,Bacteria,Fusobacteria,Fusobacteriia,Fusobacteriales,Leptotrichiaceae,Sebaldella
OTU219,Bacteria,Bacteria,Lentisphaerae,Lentisphaeria,Victivallales,Victivallaceae,Victivallis
OTU220,Bacteria,Bacteria,Proteobacteria,Alphaproteobacteria,,,Phreatobacter
OTU221,Bacteria,Bacteria,Proteobacteria,Alphaproteobacteria,Caulobacterales,Caulobacteraceae,Phenylobacterium
OTU222,Bacteria,Bacteria,Proteobacteria,Alphaproteobacteria,Rhizobiales,Hyphomicrobiaceae,Devosia
OTU223,Bacteria,Bacteria,Proteobacteria,Alphaproteobacteria,Rhizobiales,Phyllobacteriaceae,Aminobacter
OTU224,Bacteria,Bacteria,Proteobacteria,Alphaproteobacteria,Rhizobiales,Rhodobiaceae,Parvibaculum
OTU225,Bacteria,Bacteria,Proteobacteria,Alphaproteobacteria,Rhizobiales,Xanthobacteraceae,Xanthobacter
OTU226,Bacteria,Bacteria,Proteobacteria,Alphaproteobacteria,Rhodobacterales,Rhodobacteraceae,Aliiroseovarius
OTU227,Bacteria,Bacteria,Proteobacteria,Alphaproteobacteria,Rhodobacterales,Rhodobacteraceae,Pseudorhodobacter
OTU228,Bacteria,Bacteria,Proteobacteria,Alphaproteobacteria,Rhodobacterales,Rhodobacteraceae,Rhodobacter
OTU229,Bacteria,Bacteria,Proteobacteria,Alphaproteobacteria,Rhodobacterales,Rhodobacteraceae,Roseovarius
OTU230,Bacteria,Bacteria,Proteobacteria,Alphaproteobacteria,Rhodospirillales,,Enhydrobacter
OTU231,Bacteria,Bacteria,Proteobacteria,Alphaproteobacteria,Rhodospirillales,,Reyranella
OTU232,Bacteria,Bacteria,Proteobacteria,Alphaproteobacteria,Rhodospirillales,Rhodospirillaceae,Defluviicoccus
OTU233,Bacteria,Bacteria,Proteobacteria,Alphaproteobacteria,Sphingomonadales,Sphingomonadaceae,Novosphingobium
OTU234,Bacteria,Bacteria,Proteobacteria,Alphaproteobacteria,Sphingomonadales,Sphingomonadaceae,Sphingomonas
OTU235,Bacteria,Bacteria,Proteobacteria,Betaproteobacteria,Burkholderiales,,Aquabacterium
OTU236,Bacteria,Bacteria,Proteobacteria,Betaproteobacteria,Burkholderiales,,Sphaerotilus
OTU237,Bacteria,Bacteria,Proteobacteria,Betaproteobacteria,Burkholderiales,Alcaligenaceae,Oligella
OTU238,Bacteria,Bacteria,Proteobacteria,Betaproteobacteria,Burkholderiales,Burkholderiaceae,Lautropia
OTU239,Bacteria,Bacteria,Proteobacteria,Betaproteobacteria,Burkholderiales,Comamonadaceae,Acidovorax
OTU240,Bacteria,Bacteria,Proteobacteria,Betaproteobacteria,Burkholderiales,Comamonadaceae,Curvibacter
OTU241,Bacteria,Bacteria,Proteobacteria,Betaproteobacteria,Burkholderiales,Comamonadaceae,Delftia
OTU242,Bacteria,Bacteria,Proteobacteria,Betaproteobacteria,Burkholderiales,Comamonadaceae,Hydrogenophaga
OTU243,Bacteria,Bacteria,Proteobacteria,Betaproteobacteria,Burkholderiales,Comamonadaceae,Polaromonas
OTU244,Bacteria,Bacteria,Proteobacteria,Betaproteobacteria,Burkholderiales,Comamonadaceae,Ramlibacter
OTU245,Bacteria,Bacteria,Proteobacteria,Betaproteobacteria,Burkholderiales,Oxalobacteraceae,Janthinobacterium
OTU246,Bacteria,Bacteria,Proteobacteria,Betaproteobacteria,Neisseriales,Chromobacteriaceae,Laribacter
OTU247,Bacteria,Bacteria,Proteobacteria,Betaproteobacteria,Neisseriales,Neisseriaceae,Alysiella
OTU248,Bacteria,Bacteria,Proteobacteria,Betaproteobacteria,Neisseriales,Neisseriaceae,Conchiformibius
OTU249,Bacteria,Bacteria,Proteobacteria,Betaproteobacteria,Neisseriales,Neisseriaceae,Neisseria
OTU250,Bacteria,Bacteria,Proteobacteria,Betaproteobacteria,Neisseriales,Neisseriaceae,Stenoxybacter
OTU251,Bacteria,Bacteria,Proteobacteria,Betaproteobacteria,Neisseriales,Neisseriaceae,Uruburuella
OTU252,Bacteria,Bacteria,Proteobacteria,Betaproteobacteria,Neisseriales,Neisseriaceae,Vitreoscilla
OTU253,Bacteria,Bacteria,Proteobacteria,Betaproteobacteria,Nitrosomonadales,Methylophilaceae,Methylotenera
OTU254,Bacteria,Bacteria,Proteobacteria,Betaproteobacteria,Nitrosomonadales,Sterolibacteriaceae,Denitratisoma
OTU255,Bacteria,Bacteria,Proteobacteria,Betaproteobacteria,Rhodocyclales,Rhodocyclaceae,Dechlorobacter
OTU256,Bacteria,Bacteria,Proteobacteria,Betaproteobacteria,Rhodocyclales,Rhodocyclaceae,Propionivibrio
OTU257,Bacteria,Bacteria,Proteobacteria,Betaproteobacteria,Rhodocyclales,Zoogloeaceae,Thauera
OTU258,Bacteria,Bacteria,Proteobacteria,Deltaproteobacteria,Desulfobacterales,Desulfobacteraceae,Desulfatiferula
OTU259,Bacteria,Bacteria,Proteobacteria,Deltaproteobacteria,Desulfobacterales,Desulfobacteraceae,Desulfoconvexum
OTU260,Bacteria,Bacteria,Proteobacteria,Deltaproteobacteria,Desulfobacterales,Desulfobacteraceae,Desulforegula
OTU261,Bacteria,Bacteria,Proteobacteria,Deltaproteobacteria,Desulfobacterales,Desulfobulbaceae,Desulfobulbus
OTU262,Bacteria,Bacteria,Proteobacteria,Deltaproteobacteria,Desulfobacterales,Desulfobulbaceae,Desulfoprunum
OTU263,Bacteria,Bacteria,Proteobacteria,Deltaproteobacteria,Desulfobacterales,Desulfobulbaceae,Desulforhopalus
OTU264,Bacteria,Bacteria,Proteobacteria,Deltaproteobacteria,Desulfovibrionales,Desulfomicrobiaceae,Desulfomicrobium
OTU265,Bacteria,Bacteria,Proteobacteria,Deltaproteobacteria,Desulfovibrionales,Desulfovibrionaceae,Bilophila
OTU266,Bacteria,Bacteria,Proteobacteria,Deltaproteobacteria,Desulfuromonadales,Desulfuromonadaceae,Desulfuromonas
OTU267,Bacteria,Bacteria,Proteobacteria,Deltaproteobacteria,Desulfuromonadales,Geobacteraceae,Geobacter
OTU268,Bacteria,Bacteria,Proteobacteria,Deltaproteobacteria,Myxococcales,Kofleriaceae,Haliangium
OTU269,Bacteria,Bacteria,Proteobacteria,Deltaproteobacteria,Myxococcales,Nannocystaceae,Nannocystis
OTU270,Bacteria,Bacteria,Proteobacteria,Deltaproteobacteria,Myxococcales,Polyangiaceae,Pajaroellobacter
OTU271,Bacteria,Bacteria,Proteobacteria,Deltaproteobacteria,Syntrophobacterales,Syntrophaceae,Smithella
OTU272,Bacteria,Bacteria,Proteobacteria,Deltaproteobacteria,Syntrophobacterales,Syntrophaceae,Syntrophus
OTU273,Bacteria,Bacteria,Proteobacteria,Deltaproteobacteria,Syntrophobacterales,Syntrophorhabdaceae,Syntrophorhabdus
OTU274,Bacteria,Bacteria,Proteobacteria,Epsilonproteobacteria,Campylobacterales,Campylobacteraceae,Sulfurospirillum
OTU275,Bacteria,Bacteria,Proteobacteria,Epsilonproteobacteria,Campylobacterales,Helicobacteraceae,Sulfuricurvum
OTU276,Bacteria,Bacteria,Proteobacteria,Epsilonproteobacteria,Campylobacterales,Helicobacteraceae,Sulfurimonas
OTU277,Bacteria,Bacteria,Proteobacteria,Gammaproteobacteria,,,Acidibacter
OTU278,Bacteria,Bacteria,Proteobacteria,Gammaproteobacteria,Aeromonadales,Aeromonadaceae,Tolumonas
OTU279,Bacteria,Bacteria,Proteobacteria,Gammaproteobacteria,Aeromonadales,Succinivibrionaceae,Succinivibrio
OTU280,Bacteria,Bacteria,Proteobacteria,Gammaproteobacteria,Enterobacterales,Enterobacteriaceae,Enterobacter
OTU281,Bacteria,Bacteria,Proteobacteria,Gammaproteobacteria,Enterobacterales,Erwiniaceae,Pantoea
OTU282,Bacteria,Bacteria,Proteobacteria,Gammaproteobacteria,Legionellales,Coxiellaceae,Aquicella
OTU283,Bacteria,Bacteria,Proteobacteria,Gammaproteobacteria,Legionellales,Coxiellaceae,Coxiella
OTU284,Bacteria,Bacteria,Proteobacteria,Gammaproteobacteria,Methylococcales,Methylococcaceae,Methylomarinum
OTU285,Bacteria,Bacteria,Proteobacteria,Gammaproteobacteria,Methylococcales,Methylococcaceae,Methyloparacoccus
OTU286,Bacteria,Bacteria,Proteobacteria,Gammaproteobacteria,Nevskiales,Steroidobacteraceae,Steroidobacter
OTU287,Bacteria,Bacteria,Proteobacteria,Gammaproteobacteria,Oceanospirillales,Halomonadaceae,Chromohalobacter
OTU288,Bacteria,Bacteria,Proteobacteria,Gammaproteobacteria,Oceanospirillales,Halomonadaceae,Halomonas
OTU289,Bacteria,Bacteria,Proteobacteria,Gammaproteobacteria,Pasteurellales,Pasteurellaceae,Haemophilus
OTU290,Bacteria,Bacteria,Proteobacteria,Gammaproteobacteria,Pasteurellales,Pasteurellaceae,Testudinibacter
OTU291,Bacteria,Bacteria,Proteobacteria,Gammaproteobacteria,Pseudomonadales,Moraxellaceae,Alkanindiges
OTU292,Bacteria,Bacteria,Proteobacteria,Gammaproteobacteria,Pseudomonadales,Moraxellaceae,Moraxella
OTU293,Bacteria,Bacteria,Proteobacteria,Gammaproteobacteria,Pseudomonadales,Pseudomonadaceae,Azotobacter
OTU294,Bacteria,Bacteria,Proteobacteria,Gammaproteobacteria,Thiotrichales,Thiotrichaceae,Thiothrix
OTU295,Bacteria,Bacteria,Proteobacteria,Gammaproteobacteria,Xanthomonadales,Xanthomonadaceae,Arenimonas
OTU296,Bacteria,Bacteria,Proteobacteria,Gammaproteobacteria,Xanthomonadales,Xanthomonadaceae,Lysobacter
OTU297,Bacteria,Bacteria,Proteobacteria,Gammaproteobacteria,Xanthomonadales,Xanthomonadaceae,Stenotrophomonas
OTU298,Bacteria,Bacteria,Proteobacteria,Gammaproteobacteria,Xanthomonadales,Xanthomonadaceae,Thermomonas
OTU299,Bacteria,Bacteria,Proteobacteria,Oligoflexia,Bacteriovoracales,Bacteriovoracaceae,Bacteriovorax
OTU300,Bacteria,Bacteria,Proteobacteria,Oligoflexia,Bdellovibrionales,Bdellovibrionaceae,Bdellovibrio
OTU301,Bacteria,Bacteria,Spirochaetes,Spirochaetia,Leptospirales,Leptospiraceae,Leptospira
OTU302,Bacteria,Bacteria,Spirochaetes,Spirochaetia,Leptospirales,Leptospiraceae,Turneriella
OTU303,Bacteria,Bacteria,Spirochaetes,Spirochaetia,Spirochaetales,Spirochaetaceae,Sphaerochaeta
OTU304,Bacteria,Bacteria,Spirochaetes,Spirochaetia,Spirochaetales,Spirochaetaceae,Treponema
OTU305,Bacteria,Bacteria,Synergistetes,Synergistia,Synergistales,Synergistaceae,Acetomicrobium
OTU306,Bacteria,Bacteria,Synergistetes,Synergistia,Synergistales,Synergistaceae,Aminiphilus
OTU307,Bacteria,Bacteria,Synergistetes,Synergistia,Synergistales,Synergistaceae,Aminomonas
OTU308,Bacteria,Bacteria,Synergistetes,Synergistia,Synergistales,Synergistaceae,Cloacibacillus
OTU309,Bacteria,Bacteria,Synergistetes,Synergistia,Synergistales,Synergistaceae,Lactivibrio
OTU310,Bacteria,Bacteria,Synergistetes,Synergistia,Synergistales,Synergistaceae,Thermovirga
OTU311,Bacteria,Bacteria,Tenericutes,Mollicutes,Acholeplasmatales,Acholeplasmataceae,Acholeplasma
OTU312,Bacteria,Bacteria,Tenericutes,Mollicutes,Entomoplasmatales,Spiroplasmataceae,Spiroplasma
OTU313,Bacteria,Bacteria,Verrucomicrobia,Opitutae,Opitutales,Opitutaceae,Lacunisphaera
OTU314,Bacteria,Bacteria,Verrucomicrobia,Spartobacteria,,,Terrimicrobium
OTU315,Eukaryota,Eukaryota,,Bigyra,Amphifilida,,Sorodiplophrys
OTU316,Eukaryota,Eukaryota,,Chrysophyceae,Chromulinales,Paraphysomonadaceae,Paraphysomonas
OTU317,Eukaryota,Eukaryota,,Oomycetes,Pythiales,Pythiaceae,Pythium
OTU318,Eukaryota,Eukaryota,Apicomplexa,Conoidasida,Eugregarinorida,Gregarinidae,Gregarina
OTU319,Eukaryota,Eukaryota,Ciliophora,Armophorea,Armophorida,Caenomorphidae,Caenomorpha
OTU320,Eukaryota,Eukaryota,Ciliophora,Oligohymenophorea,Peniculida,Parameciidae,Paramecium
OTU321,Eukaryota,Eukaryota,Ciliophora,Oligohymenophorea,Sessilida,Opisthonectidae,Telotrochidium
OTU322,Eukaryota,Eukaryota,Ciliophora,Phyllopharyngea,Endogenida,Tokophryidae,Tokophrya
OTU323,Eukaryota,Eukaryota,Ciliophora,Phyllopharyngea,Evaginogenida,Discophryidae,Discophrya
OTU324,Eukaryota,Eukaryota,Ciliophora,Prostomatea,Prorodontida,Prorodontidae,Prorodon
OTU325,Eukaryota,Eukaryota,Euglenozoa,,Petalomonadida,Scytomonadidae,Petalomonas_Scytomonadidae
OTU326,Eukaryota,Eukaryota,Fornicata,,Diplomonadida,Hexamitidae,Giardia
OTU327,Eukaryota,Eukaryota,Preaxostyla,,,Paratrimastigidae,Paratrimastix_Paratrimastigidae
OTU328,Eukaryota,Eukaryota,Tubulinea,Elardia,Arcellinida,Arcellidae,Arcella
OTU329,Eukaryota,Fungi,Ascomycota,Saccharomycetes,Saccharomycetales,Dipodascaceae,Magnusiomyces
OTU330,Eukaryota,Fungi,Ascomycota,Saccharomycetes,Saccharomycetales,Saccharomycetaceae,Saccharomyces
OTU331,Eukaryota,Metazoa,Arthropoda,Arachnida,Sarcoptiformes,Sarcoptidae,Sarcoptes
OTU332,Eukaryota,Metazoa,Arthropoda,Insecta,Diptera,Psychodidae,Psychoda
OTU333,Eukaryota,Metazoa,Arthropoda,Ostracoda,Podocopida,Cyprididae,Cypridopsis
OTU334,Eukaryota,Metazoa,Nematoda,Chromadorea,Monhysterida,Monhysteridae,Diplolaimelloides
OTU335,Eukaryota,Metazoa,Nematoda,Chromadorea,Rhabditida,Diplogasteridae,Diplogaster
OTU336,Eukaryota,Metazoa,Nematoda,Chromadorea,Rhabditida,Diplogasteridae,Rhabditidoides
OTU337,Eukaryota,Metazoa,Nematoda,Chromadorea,Rhabditida,Rhabditidae,Caenorhabditis
OTU338,Eukaryota,Metazoa,Nematoda,Chromadorea,Rhabditida,Rhabditidae,Cephaloboides
OTU339,Eukaryota,Viridiplantae,Streptophyta,Magnoliopsida,Caryophyllales,Caryophyllaceae,Colobanthus
OTU340,Eukaryota,Viridiplantae,Streptophyta,Magnoliopsida,Solanales,Solanaceae,Nicotiana
OTU341,Eukaryota,Viridiplantae,Streptophyta,Pinopsida,Araucariales,Araucariaceae,Araucaria
OTU342,Archaea,Archaea,Euryarchaeota,Methanomicrobia,Methanosarcinales,Methanosaetaceae,Methanothrix
OTU343,Archaea,Archaea,Euryarchaeota,Thermoplasmata,Methanomassiliicoccales,Methanomassiliicoccaceae,Methanomassiliicoccus
OTU344,Bacteria,Bacteria,Chloroflexi,Anaerolineae,Anaerolineales,Anaerolineaceae,Pelolinea
OTU345,Bacteria,Bacteria,Firmicutes,Clostridia,Clostridiales,Syntrophomonadaceae,Syntrophomonas
OTU346,Bacteria,Bacteria,Ignavibacteriae,Ignavibacteria,Ignavibacteriales,Ignavibacteriaceae,Ignavibacterium
OTU347,Bacteria,Bacteria,Proteobacteria,Betaproteobacteria,Rhodocyclales,Azonexaceae,Azonexus
OTU348,Bacteria,Bacteria,Proteobacteria,Deltaproteobacteria,Syntrophobacterales,Syntrophobacteraceae,Syntrophobacter
OTU349,Bacteria,Bacteria,Proteobacteria,Gammaproteobacteria,Methylococcales,Methylococcaceae,Methylomonas
OTU350,Bacteria,Bacteria,Spirochaetes,Spirochaetia,,Leptospiraceae,Leptonema
OTU351,Bacteria,Bacteria,Thermotogae,Thermotogae,Kosmotogales,Kosmotogaceae,Mesotoga
OTU352,Eukaryota,Eukaryota,,,Trichomonadida,,Pseudotrichomonas
OTU353,Bacteria,Bacteria,Actinobacteria,Actinobacteria,Nakamurellales,Nakamurellaceae,Nakamurella
OTU354,Bacteria,Bacteria,Bacteroidetes,Saprospiria,Saprospirales,Haliscomenobacteraceae,Haliscomenobacter
OTU355,Bacteria,Bacteria,Firmicutes,Clostridia,Clostridiales,Ruminococcaceae,Saccharofermentans_Ruminococcaceae
OTU356,Bacteria,Bacteria,Proteobacteria,Alphaproteobacteria,Rhizobiales,Hyphomicrobiaceae,Filomicrobium
OTU357,Bacteria,Bacteria,Proteobacteria,Alphaproteobacteria,Rhodobacterales,Rhodobacteraceae,Tabrizicola
OTU358,Bacteria,Bacteria,Proteobacteria,Betaproteobacteria,Burkholderiales,Comamonadaceae,Diaphorobacter
OTU359,Bacteria,Bacteria,Proteobacteria,Deltaproteobacteria,Myxococcales,Phaselicystidaceae,Phaselicystis
OTU360,Bacteria,Bacteria,Proteobacteria,Gammaproteobacteria,Cellvibrionales,Cellvibrionaceae,Cellvibrio
OTU361,Eukaryota,Eukaryota,,,,,Paratrimastix
OTU362,Eukaryota,Eukaryota,,Oligohymenophorea,Sessilida,Epistylidae,Epistylis
OTU363,Archaea,Archaea,Euryarchaeota,Methanomicrobia,Methanosarcinales,Methanosarcinaceae,Methanosarcina
OTU364,Bacteria,Bacteria,Acidobacteria,Solibacteres,Solibacterales,Bryobacteraceae,Bryobacter
OTU365,Bacteria,Bacteria,Bacteroidetes,Bacteroidia,Bacteroidales,Dysgonamonadaceae,Proteiniphilum
OTU366,Bacteria,Bacteria,Bacteroidetes,Bacteroidia,Bacteroidales,Porphyromonadaceae,Petrimonas
OTU367,Bacteria,Bacteria,Bacteroidetes,Flavobacteriia,Flavobacteriales,Flavobacteriaceae,Imtechella
OTU368,Bacteria,Bacteria,Chlamydiae,Chlamydiia,Parachlamydiales,Parachlamydiaceae,Neochlamydia
OTU369,Bacteria,Bacteria,Firmicutes,Clostridia,Clostridiales,Peptococcaceae,Dehalobacterium
OTU370,Bacteria,Bacteria,Firmicutes,Clostridia,Clostridiales,Ruminococcaceae,Pseudobacteroides
OTU371,Bacteria,Bacteria,Firmicutes,Clostridia,Thermoanaerobacterales,Thermoanaerobacteraceae,Gelria
OTU372,Bacteria,Bacteria,Proteobacteria,Gammaproteobacteria,Xanthomonadales,Rhodanobacteraceae,Tahibacter
OTU373,Bacteria,Bacteria,Spirochaetes,Spirochaetia,Brevinematales,Brevinemataceae,Brevinema
OTU374,Bacteria,Bacteria,Spirochaetes,Spirochaetia,Spirochaetales,,Exilispira
OTU375,Bacteria,Bacteria,Thermotogae,Thermotogae,Thermotogales,Fervidobacteriaceae,Fervidobacterium
OTU376,Archaea,Archaea,Euryarchaeota,Methanomicrobia,Methanomicrobiales,Methanoregulaceae,Methanolinea
OTU377,Bacteria,Bacteria,Firmicutes,Clostridia,Clostridiales,Ruminococcaceae,Fastidiosipila_Ruminococcaceae
OTU378,Bacteria,Bacteria,Lentisphaerae,Oligosphaeria,Oligosphaerales,Oligosphaeraceae,Oligosphaera
OTU379,Eukaryota,Eukaryota,,,Trichomonadida,Trichomonadidae,Tetratrichomonas
OTU380,Bacteria,Bacteria,Firmicutes,Clostridia,Clostridiales,Gracilibacteraceae,Gracilibacter
OTU381,Bacteria,Bacteria,Firmicutes,Clostridia,Clostridiales,Peptococcaceae,Pelotomaculum
OTU382,Bacteria,Bacteria,Proteobacteria,Alphaproteobacteria,Rhodobacterales,Rhodobacteraceae,Defluviimonas
OTU383,Bacteria,Bacteria,Firmicutes,,,,Hydrogenispora
OTU384,Bacteria,Bacteria,Firmicutes,Clostridia,Clostridiales,Ruminococcaceae,Papillibacter
OTU385,Bacteria,Bacteria,Firmicutes,Clostridia,Clostridiales,Ruminococcaceae,Ruminiclostridium
OTU386,Bacteria,Bacteria,Firmicutes,Clostridia,Clostridiales,Syntrophomonadaceae,Syntrophothermus
OTU387,Bacteria,Bacteria,Firmicutes,Negativicutes,Selenomonadales,Sporomusaceae,Acetonema
OTU388,Bacteria,Bacteria,Proteobacteria,Alphaproteobacteria,Rhizobiales,Hyphomicrobiaceae,Prosthecomicrobium
OTU389,Bacteria,Bacteria,Proteobacteria,Betaproteobacteria,Burkholderiales,Burkholderiaceae,Limnobacter
OTU390,Bacteria,Bacteria,Spirochaetes,Spirochaetia,Spirochaetales,Spirochaetaceae,Spirochaeta
OTU391,Bacteria,Bacteria,Synergistetes,Synergistia,Synergistales,Synergistaceae,Thermanaerovibrio
OTU392,Archaea,Archaea,Euryarchaeota,Methanomicrobia,Methanomicrobiales,Methanomicrobiaceae,Methanoculleus
OTU393,Bacteria,Bacteria,Firmicutes,Clostridia,Clostridiales,Clostridiaceae,Lutispora
OTU394,Bacteria,Bacteria,Verrucomicrobia,Opitutae,Puniceicoccales,Puniceicoccaceae,Puniceicoccus
OTU395,Bacteria,Bacteria,Actinobacteria,Acidimicrobiia,Acidimicrobiales,Iamiaceae,Iamia
OTU396,Bacteria,Bacteria,Proteobacteria,Gammaproteobacteria,Chromatiales,Thioalkalispiraceae,Thioalkalispira
OTU397,Bacteria,Bacteria,Actinobacteria,Rubrobacteria,Gaiellales,Gaiellaceae,Gaiella
OTU398,Bacteria,Bacteria,Actinobacteria,Thermoleophilia,Solirubrobacterales,Conexibacteraceae,Conexibacter
OTU399,Bacteria,Bacteria,Chloroflexi,,,,Kouleothrix
OTU400,Bacteria,Bacteria,Planctomycetes,Planctomycetia,Planctomycetales,Gemmataceae,Gemmata
OTU401,Bacteria,Bacteria,Proteobacteria,Alphaproteobacteria,Rhizobiales,Hyphomicrobiaceae,Hyphomicrobium
OTU402,Bacteria,Bacteria,Proteobacteria,Alphaproteobacteria,Rhizobiales,Methylocystaceae,Methylocystis
OTU403,Bacteria,Bacteria,Proteobacteria,Deltaproteobacteria,Myxococcales,Sandaracinaceae,Sandaracinus
OTU404,Bacteria,Bacteria,Proteobacteria,Gammaproteobacteria,,Competibacteraceae,Plasticicumulans
OTU405,Bacteria,Bacteria,Proteobacteria,Gammaproteobacteria,Xanthomonadales,Rhodanobacteraceae,Pseudofulvimonas
OTU406,Bacteria,Bacteria,Verrucomicrobia,Verrucomicrobiae,Verrucomicrobiales,Verrucomicrobiaceae,Prosthecobacter
OTU407,Eukaryota,Eukaryota,Ciliophora,Spirotrichea,Euplotida,Euplotidae,Euplotes
OTU408,Eukaryota,Metazoa,Chordata,Actinopteri,Cypriniformes,Cyprinidae,Parachela
OTU409,Bacteria,Bacteria,Firmicutes,Clostridia,Clostridiales,Ruminococcaceae,Acetivibrio
OTU410,Bacteria,Bacteria,Proteobacteria,Gammaproteobacteria,Xanthomonadales,Rhodanobacteraceae,Rhodanobacter
OTU411,Bacteria,Bacteria,Acidobacteria,Blastocatellia,,,Stenotrophobacter
OTU412,Bacteria,Bacteria,Proteobacteria,Alphaproteobacteria,Rhizobiales,Hyphomicrobiaceae,Pedomicrobium
OTU413,Bacteria,Bacteria,Acidobacteria,,,,Thermoanaerobaculum
OTU414,Bacteria,Bacteria,Acidobacteria,Solibacteres,Solibacterales,Bryobacteraceae,Paludibaculum
OTU415,Bacteria,Bacteria,Firmicutes,Clostridia,Clostridiales,Lachnospiraceae,Herbinix
OTU416,Bacteria,Bacteria,Proteobacteria,Alphaproteobacteria,Rhodospirillales,Rhodospirillaceae,Dongia
OTU417,Bacteria,Bacteria,Actinobacteria,Actinobacteria,Corynebacteriales,Gordoniaceae,Gordonia
OTU418,Bacteria,Bacteria,Bacteroidetes,Bacteroidia,Bacteroidales,Rikenellaceae,Ruminofilibacter
OTU419,Bacteria,Bacteria,Bacteroidetes,Chitinophagia,Chitinophagales,Chitinophagaceae,Taibaiella
OTU420,Bacteria,Bacteria,Bacteroidetes,Cytophagia,Cytophagales,Cytophagaceae,Runella
OTU421,Bacteria,Bacteria,Firmicutes,Clostridia,Clostridiales,,Proteiniborus
OTU422,Bacteria,Bacteria,Firmicutes,Clostridia,Clostridiales,Defluviitaleaceae,Defluviitalea
OTU423,Bacteria,Bacteria,Firmicutes,Clostridia,Thermoanaerobacterales,Thermodesulfobiaceae,Coprothermobacter_Thermodesulfobiaceae
OTU424,Bacteria,Bacteria,Nitrospirae,Nitrospira,Nitrospirales,Nitrospiraceae,Thermodesulfovibrio
OTU425,Bacteria,Bacteria,Planctomycetes,Planctomycetia,Planctomycetales,Planctomycetaceae,Thermogutta
OTU426,Bacteria,Bacteria,Proteobacteria,Alphaproteobacteria,Rhizobiales,Chelatococcaceae,Chelatococcus
OTU427,Bacteria,Bacteria,Thermotogae,Thermotogae,Petrotogales,,Defluviitoga
OTU428,Eukaryota,Metazoa,Nematoda,Chromadorea,Rhabditida,Diplogastridae,Acrostichus_Diplogastridae
OTU429,Bacteria,Bacteria,Nitrospirae,Nitrospira,Nitrospirales,Nitrospiraceae,Nitrospira
OTU430,Bacteria,Bacteria,Proteobacteria,Alphaproteobacteria,Rhodobacterales,Hyphomonadaceae,Hirschia
OTU431,Bacteria,Bacteria,Proteobacteria,Betaproteobacteria,Nitrosomonadales,Sterolibacteriaceae,Sulfuritalea
OTU432,Bacteria,Bacteria,Planctomycetes,Planctomycetia,Planctomycetales,Planctomycetaceae,Pirellula_Planctomycetaceae
OTU433,Bacteria,Bacteria,Planctomycetes,Planctomycetia,Planctomycetales,Planctomycetaceae,Rhodopirellula_Planctomycetaceae
OTU434,Bacteria,Bacteria,Planctomycetes,Planctomycetia,Planctomycetales,Planctomycetaceae,Rubinisphaera
OTU435,Bacteria,Bacteria,Proteobacteria,Alphaproteobacteria,Parvularculales,Parvularculaceae,Amphiplicatus
OTU436,Bacteria,Bacteria,Proteobacteria,Alphaproteobacteria,Rhizobiales,,Bauldia
OTU437,Bacteria,Bacteria,Proteobacteria,Alphaproteobacteria,Rhizobiales,Hyphomicrobiaceae,Cucumibacter
OTU438,Bacteria,Bacteria,Spirochaetes,Spirochaetia,Spirochaetales,Spirochaetaceae,Sediminispirochaeta
OTU439,Eukaryota,Metazoa,Nematoda,Chromadorea,Monhysterida,Monhysteridae,Diplolaimella
OTU440,Bacteria,Bacteria,Bacteroidetes,Cytophagia,Cytophagales,Cytophagaceae,Emticicia
OTU441,Bacteria,Bacteria,Proteobacteria,Alphaproteobacteria,Rhodospirillales,Acetobacteraceae,Stella
OTU442,Bacteria,Bacteria,Proteobacteria,Deltaproteobacteria,Myxococcales,Nannocystaceae,Plesiocystis
OTU443,Bacteria,Bacteria,Chloroflexi,Anaerolineae,Anaerolineales,Anaerolineaceae,Bellilinea
OTU444,Archaea,Archaea,Euryarchaeota,Methanobacteria,Methanobacteriales,Methanobacteriaceae,Methanothermobacter
OTU445,Bacteria,Bacteria,Firmicutes,Clostridia,Clostridiales,Caldicoprobacteraceae,Caldicoprobacter
OTU446,Bacteria,Bacteria,Firmicutes,Clostridia,Clostridiales,Lachnospiraceae,Shuttleworthia
OTU447,Bacteria,Bacteria,Firmicutes,Tissierellia,Tissierellales,,Sporanaerobacter
OTU448,Bacteria,Bacteria,Planctomycetes,Planctomycetia,Planctomycetales,Isosphaeraceae,Paludisphaera
OTU449,Bacteria,Bacteria,Proteobacteria,Betaproteobacteria,Burkholderiales,Alcaligenaceae,Paenalcaligenes
OTU450,Bacteria,Bacteria,Actinobacteria,Actinobacteria,Propionibacteriales,Propionibacteriaceae,Aestuariimicrobium
OTU451,Bacteria,Bacteria,Bacteroidetes,Bacteroidia,Bacteroidales,Porphyromonadaceae,Fermentimonas
OTU452,Bacteria,Bacteria,Proteobacteria,Alphaproteobacteria,Rhodobacterales,Hyphomonadaceae,Hyphomonas
OTU453,Bacteria,Bacteria,Actinobacteria,Actinobacteria,Corynebacteriales,Nocardiaceae,Rhodococcus
OTU454,Bacteria,Bacteria,Bacteroidetes,Cytophagia,Cytophagales,,Chryseolinea
OTU455,Bacteria,Bacteria,Bacteroidetes,Cytophagia,Cytophagales,Cytophagaceae,Marinoscillum
OTU456,Bacteria,Bacteria,Deinococcus-Thermus,Deinococci,Deinococcales,Trueperaceae,Truepera
OTU457,Bacteria,Bacteria,Firmicutes,Bacilli,Lactobacillales,Carnobacteriaceae,Jeotgalibaca
OTU458,Bacteria,Bacteria,Proteobacteria,Deltaproteobacteria,Desulfobacterales,Desulfobacteraceae,Desulfatiglans
OTU459,Bacteria,Bacteria,Proteobacteria,Gammaproteobacteria,Xanthomonadales,Xanthomonadaceae,Luteimonas
OTU460,Bacteria,Bacteria,Synergistetes,Synergistia,Synergistales,Synergistaceae,Aminivibrio
OTU461,Bacteria,Bacteria,Actinobacteria,Actinobacteria,Propionibacteriales,Nocardioidaceae,Marmoricola
OTU462,Bacteria,Bacteria,Firmicutes,Clostridia,Clostridiales,Peptostreptococcaceae,Peptostreptococcus
OTU463,Bacteria,Bacteria,Proteobacteria,Betaproteobacteria,Rhodocyclales,Azonexaceae,Ferribacterium
OTU464,Bacteria,Bacteria,Proteobacteria,Gammaproteobacteria,Legionellales,Legionellaceae,Legionella
OTU465,Eukaryota,Fungi,Ascomycota,Saccharomycetes,Saccharomycetales,,Diutina
OTU466,Eukaryota,Metazoa,Rotifera,Bdelloidea,Adinetida,Adinetidae,Adineta
OTU467,Eukaryota,Metazoa,Rotifera,Bdelloidea,Philodinida,Philodinidae,Philodina
OTU468,Bacteria,Bacteria,Proteobacteria,Betaproteobacteria,Burkholderiales,,Leptothrix
OTU469,Bacteria,Bacteria,Proteobacteria,Betaproteobacteria,Nitrosomonadales,Nitrosomonadaceae,Nitrosomonas
OTU470,Bacteria,Bacteria,Verrucomicrobia,Opitutae,Opitutales,Opitutaceae,Opitutus
OTU471,Eukaryota,Eukaryota,,,,Vannellidae,Vannella
OTU472,Eukaryota,Eukaryota,,Spirotrichea,Euplotida,Aspidiscidae,Aspidisca
OTU473,Eukaryota,Eukaryota,Euglenida,,Sphenomonadales,Sphenomonadidae,Petalomonas_Sphenomonadidae
OTU474,Bacteria,Bacteria,Actinobacteria,Acidimicrobiia,Acidimicrobiales,Acidimicrobiaceae,Ilumatobacter
OTU475,Bacteria,Bacteria,Planctomycetes,Planctomycetia,Planctomycetales,Gemmataceae,Fimbriiglobus
OTU476,Eukaryota,Eukaryota,,,Kinetoplastida,Bodonidae,Bodo
OTU477,Eukaryota,Eukaryota,,Oligohymenophorea,Sessilida,Vorticellidae,Pseudovorticella
OTU478,Bacteria,Bacteria,Bacteroidetes,Bacteroidia,Marinilabiliales,Prolixibacteraceae,Meniscus
OTU479,Bacteria,Bacteria,Proteobacteria,Betaproteobacteria,Nitrosomonadales,Sterolibacteriaceae,Methyloversatilis
OTU480,Bacteria,Bacteria,Proteobacteria,Gammaproteobacteria,Oceanospirillales,Hahellaceae,Hahella
OTU481,Bacteria,Bacteria,Actinobacteria,Actinobacteria,Corynebacteriales,Dietziaceae,Dietzia
OTU482,Bacteria,Bacteria,Actinobacteria,Actinobacteria,Propionibacteriales,Nocardioidaceae,Aeromicrobium
OTU483,Bacteria,Bacteria,Firmicutes,Clostridia,Clostridiales,Syntrophomonadaceae,Dethiobacter
OTU484,Bacteria,Bacteria,Firmicutes,Tissierellia,,,Tepidimicrobium
OTU485,Eukaryota,Metazoa,Nematoda,Chromadorea,Rhabditida,Diploscapteridae,Diploscapter_Diploscapteridae
OTU486,Bacteria,Bacteria,Actinobacteria,Actinobacteria,Geodermatophilales,Geodermatophilaceae,Modestobacter
OTU487,Bacteria,Bacteria,Bacteroidetes,Bacteroidia,Bacteroidales,Prevotellaceae,Paraprevotella
OTU488,Bacteria,Bacteria,Firmicutes,Clostridia,Clostridiales,Peptococcaceae,Peptococcus
OTU489,Eukaryota,Eukaryota,,,,,Blastocystis
OTU490,Eukaryota,Eukaryota,,,,,Ptolemeba
OTU491,Eukaryota,Eukaryota,,,,,Rhizomastix
OTU492,Eukaryota,Eukaryota,,,,Vannellidae,Platyamoeba
OTU493,Eukaryota,Eukaryota,,,Kinetoplastida,Ichthyobodonidae,Ichthyobodo
OTU494,Eukaryota,Eukaryota,,,Longamoebia,Acanthamoebidae,Acanthamoeba
OTU495,Eukaryota,Eukaryota,,,Physariida,Physaraceae,Physarella
OTU496,Eukaryota,Eukaryota,,,Tritrichomonadida,Dientamoebidae,Dientamoeba
OTU497,Eukaryota,Eukaryota,,Armophorea,Armophorida,Metopidae,Brachonella
OTU498,Eukaryota,Eukaryota,,Heterolobosea,Schizopyrenida,Vahlkampfiidae,Tetramitus
OTU499,Eukaryota,Eukaryota,,Litostomatea,Vestibuliferida,Trimyemidae,Trimyema
OTU500,Eukaryota,Eukaryota,Euglenida,,Euglenales,Euglenaceae,Euglena
OTU501,Eukaryota,Fungi,Ascomycota,Saccharomycetes,Saccharomycetales,Pichiaceae,Brettanomyces
OTU502,Eukaryota,Fungi,Basidiomycota,Malasseziomycetes,Malasseziales,Malasseziaceae,Malassezia
OTU503,Eukaryota,Metazoa,Annelida,Clitellata,Haplotaxida,Aeolosomatidae,Aeolosoma
OTU504,Eukaryota,Viridiplantae,Chlorophyta,Trebouxiophyceae,Chlorellales,Chlorellaceae,Prototheca
OTU505,Archaea,Archaea,Euryarchaeota,Methanomicrobia,Methanosarcinales,Methanosarcinaceae,Methanomethylovorans
OTU506,Bacteria,Bacteria,Acidobacteria,Blastocatellia,,,Blastocatella
OTU507,Bacteria,Bacteria,Actinobacteria,Actinobacteria,Micrococcales,Intrasporangiaceae,Phycicoccus
OTU508,Bacteria,Bacteria,Actinobacteria,Actinobacteria,Propionibacteriales,Nocardioidaceae,Nocardioides
OTU509,Bacteria,Bacteria,Actinobacteria,Actinobacteria,Pseudonocardiales,Pseudonocardiaceae,Pseudonocardia
OTU510,Bacteria,Bacteria,Bacteroidetes,Bacteroidia,Bacteroidales,Odoribacteraceae,Butyricimonas
OTU511,Bacteria,Bacteria,Bacteroidetes,Chitinophagia,Chitinophagales,Chitinophagaceae,Lacibacter
OTU512,Bacteria,Bacteria,Bacteroidetes,Cytophagia,Cytophagales,Cyclobacteriaceae,Mariniradius
OTU513,Bacteria,Bacteria,Bacteroidetes,Cytophagia,Cytophagales,Cytophagaceae,Leadbetterella
OTU514,Bacteria,Bacteria,Bacteroidetes,Cytophagia,Cytophagales,Cytophagaceae,Persicitalea
OTU515,Bacteria,Bacteria,Bacteroidetes,Flavobacteriia,Flavobacteriales,Crocinitomicaceae,Fluviicola
OTU516,Bacteria,Bacteria,Bacteroidetes,Saprospiria,Saprospirales,Haliscomenobacteraceae,Phaeodactylibacter
OTU517,Bacteria,Bacteria,Chloroflexi,Anaerolineae,Anaerolineales,Anaerolineaceae,Anaerolinea
OTU518,Bacteria,Bacteria,Chloroflexi,Caldilineae,Caldilineales,Caldilineaceae,Litorilinea
OTU519,Bacteria,Bacteria,Chloroflexi,Thermomicrobia,Sphaerobacterales,Sphaerobacteraceae,Sphaerobacter
OTU520,Bacteria,Bacteria,Firmicutes,Clostridia,Clostridiales,,Intestinimonas
OTU521,Bacteria,Bacteria,Firmicutes,Clostridia,Clostridiales,Clostridiales_Family_XII._Incertae_Sedis,Acidaminobacter
OTU522,Bacteria,Bacteria,Firmicutes,Tissierellia,Tissierellales,Tissierellaceae,Soehngenia
OTU523,Bacteria,Bacteria,Gemmatimonadetes,Gemmatimonadetes,Gemmatimonadales,Gemmatimonadaceae,Gemmatimonas
OTU524,Bacteria,Bacteria,Planctomycetes,Phycisphaerae,Tepidisphaerales,Tepidisphaeraceae,Tepidisphaera
OTU525,Bacteria,Bacteria,Planctomycetes,Planctomycetia,Planctomycetales,Planctomycetaceae,Blastopirellula
OTU526,Bacteria,Bacteria,Planctomycetes,Planctomycetia,Planctomycetales,Planctomycetaceae,Planctomicrobium
OTU527,Bacteria,Bacteria,Planctomycetes,Planctomycetia,Planctomycetales,Planctomycetaceae,Schlesneria
OTU528,Bacteria,Bacteria,Proteobacteria,Alphaproteobacteria,Rhizobiales,Beijerinckiaceae,Pseudochelatococcus
OTU529,Bacteria,Bacteria,Proteobacteria,Alphaproteobacteria,Rhodobacterales,Rhodobacteraceae,Amaricoccus
OTU530,Bacteria,Bacteria,Proteobacteria,Alphaproteobacteria,Rhodobacterales,Rhodobacteraceae,Labrenzia
OTU531,Bacteria,Bacteria,Proteobacteria,Alphaproteobacteria,Rhodospirillales,Rhodospirillaceae,Constrictibacter
OTU532,Bacteria,Bacteria,Proteobacteria,Alphaproteobacteria,Sphingomonadales,Sphingomonadaceae,Sphingoaurantiacus
OTU533,Bacteria,Bacteria,Proteobacteria,Betaproteobacteria,,,Chitinivorax
OTU534,Bacteria,Bacteria,Proteobacteria,Betaproteobacteria,Burkholderiales,,Rivibacter
OTU535,Bacteria,Bacteria,Proteobacteria,Betaproteobacteria,Burkholderiales,Comamonadaceae,Extensimonas
OTU536,Bacteria,Bacteria,Proteobacteria,Betaproteobacteria,Nitrosomonadales,Thiobacillaceae,Thiobacillus
OTU537,Bacteria,Bacteria,Proteobacteria,Betaproteobacteria,Rhodocyclales,Rhodocyclaceae,Azospira
OTU538,Bacteria,Bacteria,Proteobacteria,Deltaproteobacteria,Myxococcales,Polyangiaceae,Sorangium
OTU539,Bacteria,Bacteria,Proteobacteria,Gammaproteobacteria,Immundisolibacterales,Immundisolibacteraceae,Immundisolibacter
OTU540,Bacteria,Bacteria,Proteobacteria,Gammaproteobacteria,Methylococcales,Methylococcaceae,Methylomagnum
OTU541,Bacteria,Bacteria,Proteobacteria,Gammaproteobacteria,Xanthomonadales,Rhodanobacteraceae,Aquimonas
OTU542,Bacteria,Bacteria,Verrucomicrobia,Verrucomicrobiae,Verrucomicrobiales,Verrucomicrobiaceae,Brevifollis
OTU543,Bacteria,Bacteria,Verrucomicrobia,Verrucomicrobiae,Verrucomicrobiales,Verrucomicrobiaceae,Roseimicrobium
OTU544,Eukaryota,Eukaryota,,,Bicosoecida,Bicosoecidae,Bicosoeca
OTU545,Eukaryota,Eukaryota,,Oligohymenophorea,Sessilida,Vaginicolidae,Vaginicola
OTU546,Eukaryota,Eukaryota,,Phyllopharyngea,Dysteriida,Dysteriidae,Dysteria
OTU547,Bacteria,Bacteria,Actinobacteria,Actinobacteria,Micrococcales,Micrococcaceae,Arthrobacter
OTU548,Bacteria,Bacteria,Actinobacteria,Actinobacteria,Propionibacteriales,Propionibacteriaceae,Brooklawnia
OTU549,Bacteria,Bacteria,Bacteroidetes,Chitinophagia,Chitinophagales,Chitinophagaceae,Sediminibacterium
OTU550,Bacteria,Bacteria,Bacteroidetes,Cytophagia,Cytophagales,Cytophagaceae,Cytophaga
OTU551,Bacteria,Bacteria,Chloroflexi,Caldilineae,Caldilineales,Caldilineaceae,Caldilinea
OTU552,Bacteria,Bacteria,Firmicutes,Clostridia,Clostridiales,Lachnospiraceae,Acetitomaculum
OTU553,Bacteria,Bacteria,Firmicutes,Clostridia,Clostridiales,Lachnospiraceae,Moryella
OTU554,Bacteria,Bacteria,Firmicutes,Erysipelotrichia,Erysipelotrichales,Erysipelotrichaceae,Faecalitalea
OTU555,Bacteria,Bacteria,Planctomycetes,Planctomycetia,Planctomycetales,Isosphaeraceae,Singulisphaera
OTU556,Bacteria,Bacteria,Proteobacteria,Alphaproteobacteria,Rhizobiales,Hyphomicrobiaceae,Rhodoplanes
OTU557,Bacteria,Bacteria,Proteobacteria,Alphaproteobacteria,Rhodobacterales,Rhodobacteraceae,Cereibacter
OTU558,Bacteria,Bacteria,Proteobacteria,Alphaproteobacteria,Sphingomonadales,Sphingomonadaceae,Polymorphobacter
OTU559,Bacteria,Bacteria,Proteobacteria,Alphaproteobacteria,Sphingomonadales,Sphingomonadaceae,Sandarakinorhabdus
OTU560,Bacteria,Bacteria,Proteobacteria,Alphaproteobacteria,Sphingomonadales,Sphingomonadaceae,Sphingobium
OTU561,Bacteria,Bacteria,Proteobacteria,Betaproteobacteria,Burkholderiales,Comamonadaceae,Caenimonas
OTU562,Bacteria,Bacteria,Proteobacteria,Betaproteobacteria,Burkholderiales,Comamonadaceae,Macromonas
OTU563,Bacteria,Bacteria,Proteobacteria,Betaproteobacteria,Burkholderiales,Comamonadaceae,Pelomonas
OTU564,Bacteria,Bacteria,Proteobacteria,Betaproteobacteria,Neisseriales,Chromobacteriaceae,Formivibrio
OTU565,Bacteria,Bacteria,Proteobacteria,Betaproteobacteria,Neisseriales,Chromobacteriaceae,Vogesella
OTU566,Bacteria,Bacteria,Proteobacteria,Betaproteobacteria,Nitrosomonadales,Sterolibacteriaceae,Georgfuchsia
OTU567,Bacteria,Bacteria,Proteobacteria,Betaproteobacteria,Nitrosomonadales,Sterolibacteriaceae,Sterolibacterium
OTU568,Bacteria,Bacteria,Proteobacteria,Deltaproteobacteria,Myxococcales,Anaeromyxobacteraceae,Anaeromyxobacter
OTU569,Bacteria,Bacteria,Proteobacteria,Deltaproteobacteria,Myxococcales,Labilitrichaceae,Labilithrix
OTU570,Bacteria,Bacteria,Proteobacteria,Gammaproteobacteria,Chromatiales,Chromatiaceae,Lamprocystis
OTU571,Bacteria,Bacteria,Proteobacteria,Gammaproteobacteria,Enterobacterales,,Plesiomonas
OTU572,Bacteria,Bacteria,Proteobacteria,Gammaproteobacteria,Pseudomonadales,Moraxellaceae,Fluviicoccus
OTU573,Bacteria,Bacteria,Proteobacteria,Gammaproteobacteria,Pseudomonadales,Moraxellaceae,Perlucidibaca
OTU574,Bacteria,Bacteria,Verrucomicrobia,Opitutae,Opitutales,Opitutaceae,Cephaloticoccus
OTU575,Eukaryota,Eukaryota,,,,,Copromyxa
OTU576,Eukaryota,Eukaryota,,,Kinetoplastida,Bodonidae,Procryptobia
OTU577,Eukaryota,Eukaryota,,Ichthyosporea,Ichthyophonida,,Anurofeca
OTU578,Eukaryota,Eukaryota,,Litostomatea,Pleurostomatida,Amphileptidae,Hemiophrys
OTU579,Eukaryota,Eukaryota,,Oligohymenophorea,Sessilida,Operculariidae,Opercularia
OTU580,Eukaryota,Eukaryota,,Oligohymenophorea,Sessilida,Opisthonectidae,Opisthonecta
OTU581,Eukaryota,Eukaryota,,Oligohymenophorea,Sessilida,Vorticellidae,Epicarchesium
OTU582,Eukaryota,Eukaryota,,Oligohymenophorea,Sessilida,Vorticellidae,Vorticella
OTU583,Eukaryota,Eukaryota,,Phyllopharyngea,Chlamydodontida,Chilodonellidae,Phascolodon
OTU584,Eukaryota,Eukaryota,,Phyllopharyngea,Chlamydodontida,Chilodonellidae,Pseudochilodonopsis
OTU585,Eukaryota,Eukaryota,,Phyllopharyngea,Dysteriida,Dysteriidae,Trochilia
OTU586,Eukaryota,Eukaryota,,Phyllopharyngea,Endogenida,Acinetidae,Acineta
OTU587,Eukaryota,Metazoa,Annelida,Clitellata,Haplotaxida,Enchytraeidae,Enchytraeus
OTU588,Bacteria,Bacteria,Firmicutes,Clostridia,Clostridiales,Peptococcaceae,Cryptanaerobacter
OTU589,Bacteria,Bacteria,Firmicutes,Negativicutes,,,Quinella
OTU590,Bacteria,Bacteria,Firmicutes,Negativicutes,Selenomonadales,Sporomusaceae,Sporomusa
OTU591,Bacteria,Bacteria,Acidobacteria,Blastocatellia,Blastocatellales,Blastocatellaceae,Stenotrophobacter_Blastocatellaceae
OTU592,Bacteria,Bacteria,Chloroflexi,Chloroflexia,Chloroflexales,Roseiflexaceae,Kouleothrix_Roseiflexaceae
OTU593,Bacteria,Bacteria,Firmicutes,Bacilli,Bacillales,Alicyclobacillaceae,Tumebacillus
OTU594,Bacteria,Bacteria,Firmicutes,Bacilli,Bacillales,Staphylococcaceae,Staphylococcus
OTU595,Bacteria,Bacteria,Firmicutes,Erysipelotrichia,Erysipelotrichales,Erysipelotrichaceae,Erysipelatoclostridium
OTU596,Bacteria,Bacteria,Planctomycetes,Planctomycetia,Pirellulales,Pirellulaceae,Pirellula_Pirellulaceae
OTU597,Bacteria,Bacteria,Planctomycetes,Planctomycetia,Pirellulales,Pirellulaceae,Rhodopirellula_Pirellulaceae
OTU598,Bacteria,Bacteria,Proteobacteria,Alphaproteobacteria,Rhodospirillales,Acetobacteraceae,Rhodovastum
OTU599,Bacteria,Bacteria,Proteobacteria,Gammaproteobacteria,Cellvibrionales,Halieaceae,Halioglobus
OTU600,Bacteria,Bacteria,Tenericutes,Mollicutes,Anaeroplasmatales,Anaeroplasmataceae,Anaeroplasma
